City,Country,Latitude,Longitude,DateTime,CurrentTemp,MaxTemp,WindSpeed,Cloudiness,Humidity
Mataura,NZ,-46.19,168.86,1552699807,15.56,15.56,6.71,0,73
Cape Town,ZA,-33.93,18.42,1552699690,19.39,21.11,2.6,0,82
Maine-Soroa,NE,13.21,12.02,1552700284,23.91,23.91,5.32,32,23
Castro,CL,-42.48,-73.76,1552698000,12,12,2.1,0,81
Ostrogozhsk,RU,50.86,39.08,1552700287,0.16,0.16,4.02,92,95
Fare,PF,-16.7,-151.02,1552700288,28.11,28.11,2.67,76,100
Albany,US,42.65,-73.75,1552699592,9.41,12.78,8.7,20,53
Pisco,PE,-13.71,-76.2,1552698000,22,22,8.7,75,88
Kapaa,US,22.08,-159.32,1552699814,25.9,27,3.6,20,61
Busselton,AU,-33.64,115.35,1552699930,22,23.33,5.82,20,41
fort saint john,ca,,,,,,,,
jinchengjiang,cn,,,,,,,,
Lebu,ET,8.96,38.73,1552694400,15,15,3.1,12,58
Derzhavinsk,KZ,51.1,66.31,1552700297,-11.25,-11.25,1.92,0,67
Trairi,BR,-3.28,-39.27,1552700298,27.31,27.31,1.82,64,100
Norman Wells,CA,65.28,-126.83,1552698000,-4,-4,3.1,5,49
Barrow,AR,-38.31,-60.23,1552700301,17.81,17.81,6.37,92,96
Kiri Buru,IN,22.08,85.35,1552700302,21.51,21.51,1.07,0,87
Birao,CF,10.3,22.78,1552700303,21.51,21.51,4.92,36,21
Ushuaia,AR,-54.81,-68.31,1552698000,11,11,6.2,40,71
amderma,ru,,,,,,,,
Bluff,AU,-23.58,149.07,1552700307,20.76,20.76,2.02,92,100
Pontianak,ID,-0.02,109.34,1552698000,25,25,1.5,20,88
Atbasar,KZ,51.81,68.36,1552700309,-9.2,-9.2,4.12,0,83
Arraial Do Cabo,BR,-22.97,-42.02,1552694400,25,25,0.97,75,88
nizhneyansk,ru,,,,,,,,
Tuktoyaktuk,CA,69.44,-133.03,1552698000,-15,-15,1,40,77
Erenhot,CN,43.65,111.97,1552700314,8.06,8.06,5.57,0,32
illoqqortoormiut,gl,,,,,,,,
Hithadhoo,MV,-0.6,73.08,1552699904,28.86,28.86,1.77,56,100
Vaini,IN,15.34,74.49,1552698000,20,20,1.97,0,49
Antofagasta,CL,-23.65,-70.4,1552698000,19,19,3.1,20,68
Coquimbo,CL,-29.95,-71.34,1552698000,16,16,2.6,75,82
Victoria,BN,5.28,115.24,1552698000,27.41,29,1.5,75,78
Morondava,MG,-20.3,44.28,1552700322,26.21,26.21,1.07,32,100
Pevek,RU,69.7,170.27,1552700323,-25.2,-25.2,1.52,0,81
Te Anau,NZ,-45.41,167.72,1552700324,18.41,18.41,1.57,0,60
Carnarvon,ZA,-30.97,22.13,1552700326,15.56,15.56,2.62,12,83
bengkulu,id,,,,,,,,
Georgetown,GY,6.8,-58.16,1552698000,25.93,27,4.1,40,83
Peniche,PT,39.36,-9.38,1552700137,10.13,15,1.5,20,100
Rikitea,PF,-23.12,-134.97,1552700331,25.51,25.51,11.12,68,100
Fort Nelson,CA,58.81,-122.69,1552698000,6,6,5.1,75,30
Cidreira,BR,-30.17,-50.22,1552700333,22.26,22.26,4.82,36,83
Puerto Rondon,CO,6.28,-71.1,1552700334,24.26,24.26,0.47,12,84
Ribeira Grande,PT,38.52,-28.7,1552699962,16.46,16.46,9.12,88,95
Tiksi,RU,71.64,128.87,1552699851,-25.65,-25.65,1.77,0,63
Hobart,AU,-42.88,147.33,1552700174,21.22,22.78,2.6,75,56
Pamplona,ES,42.82,-1.64,1552700104,5.39,7.78,1.5,0,86
Upernavik,GL,72.79,-56.15,1552699662,-21.69,-21.69,6.46,24,100
Bathsheba,BB,13.22,-59.52,1552698000,26,26,6.2,20,78
Chokurdakh,RU,70.62,147.9,1552700343,-24.75,-24.75,2.12,68,79
Bredasdorp,ZA,-34.53,20.04,1552699841,21.72,22.22,5.1,100,88
Katsuura,JP,33.93,134.5,1552699271,8.6,10,8.2,40,67
Rantepao,ID,-2.97,119.9,1552700346,25.81,25.81,0.72,20,83
Pokhara,NP,28.21,83.99,1552700347,13.61,13.61,1.17,0,53
Agirish,RU,61.92,63.02,1552700349,-8,-8,4.37,68,67
Sergeyevka,KZ,53.88,67.42,1552700350,-7.6,-7.6,6.97,0,79
Cockburn Town,TC,21.46,-71.14,1552700167,23.61,23.61,9.52,92,100
Nhulunbuy,AU,-12.18,136.78,1552698000,31,31,1.5,75,66
Bonavista,CA,48.65,-53.11,1552699832,-0.57,-0.57,2.24,88,78
Haines Junction,CA,60.75,-137.51,1552700354,-4.75,-4.75,1.42,44,89
Gao,ML,16.28,-0.04,1552700173,20.86,20.86,2.02,0,39
Kohlu,PK,29.9,69.25,1552700357,9.91,9.91,0.72,92,83
tumannyy,ru,,,,,,,,
Kaeo,NZ,-35.1,173.78,1552700284,26.11,26.11,3.13,24,66
College,US,64.86,-147.8,1552699507,5.33,6,2.6,75,28
Punta Arenas,CL,-53.16,-70.91,1552699991,8.94,9,4.6,40,93
Sao Joao Da Barra,BR,-21.64,-41.05,1552700363,26.96,26.96,2.07,88,100
San Cristobal,EC,-0.39,-78.55,1552699853,11.57,15,2.1,40,87
taolanaro,mg,,,,,,,,
Nemuro,JP,43.32,145.57,1552698000,0,0,3.6,75,91
karakendzha,tj,,,,,,,,
Alyangula,AU,-13.85,136.42,1552698000,31,31,3.1,75,70
Butaritari,KI,3.07,172.79,1552699856,26.66,26.66,3.87,88,100
Puerto Ayora,EC,-0.74,-90.35,1552699815,25.19,25.56,4.6,0,83
Bethel,US,60.79,-161.76,1552697760,-0.75,0,5.7,1,63
Henties Bay,NA,-22.12,14.28,1552698136,16.67,16.67,2.24,92,92
Ust-Tsilma,RU,65.44,52.15,1552700376,-10.25,-10.25,2.77,48,86
Dikson,RU,73.51,80.55,1552699650,-17.77,-17.77,4.91,8,75
barentsburg,sj,,,,,,,,
Maryborough,AU,-25.54,152.7,1552700379,23.31,23.31,1.32,92,89
attawapiskat,ca,,,,,,,,
Mocuba,MZ,-16.84,36.99,1552700381,21.96,21.96,1.32,32,94
Aquiraz,BR,-3.9,-38.39,1552699693,23.61,24,1.5,75,88
Hilo,US,19.71,-155.08,1552699772,22.81,26,3.6,1,61
Hobyo,SO,5.35,48.53,1552700385,26.26,26.26,4.97,64,81
Portree,GB,57.41,-6.19,1552699807,2.78,2.78,1.34,92,80
korla,cn,,,,,,,,
Mamou,GN,10.37,-12.08,1552700388,18.76,18.76,0.92,0,65
Mahebourg,MU,-20.41,57.7,1552699743,23.78,25,2.1,20,94
saleaula,ws,,,,,,,,
Severo-Kurilsk,RU,50.68,156.12,1552700392,-2.35,-2.35,4.82,88,100
Torbay,CA,47.66,-52.73,1552700315,-0.98,-0.57,8.2,75,74
Mount Isa,AU,-20.73,139.49,1552698000,33,33,4.6,8,14
tabiauea,ki,,,,,,,,
Avarua,CK,-21.21,-159.78,1552698000,25,25,6.2,68,88
Clyde River,CA,70.47,-68.59,1552698000,-32,-32,1.5,1,82
Grindavik,IS,63.84,-22.43,1552699896,1.44,2.22,3.6,75,100
Osa,RU,57.28,55.46,1552700400,-10.7,-10.7,1.42,32,77
Cacoal,BR,-11.43,-61.44,1552700379,23.31,23.31,0.97,8,95
Atuona,PF,-9.8,-139.03,1552699923,28.01,28.01,6.17,12,100
Leh,IN,34.16,77.58,1552700404,-21.3,-21.3,0.72,44,78
Ponta Do Sol,BR,-20.63,-46,1552699877,19.46,19.46,1.22,68,95
Sri Aman,MY,1.24,111.46,1552698000,27,27,1,75,88
Yellowknife,CA,62.45,-114.38,1552700305,-5.32,-5,1.5,75,73
Yokadouma,CM,3.52,15.05,1552700408,22.36,22.36,0.97,88,97
Zhangye,CN,38.94,100.46,1552700409,4.96,4.96,1.67,0,85
Axim,GH,4.87,-2.24,1552700411,28.26,28.26,4.37,20,98
Sampit,ID,-2.54,112.95,1552700412,28.61,28.61,4.12,56,89
Camacupa,AO,-12.02,17.48,1552700413,16.76,16.76,1.62,68,94
grand river south east,mu,,,,,,,,
Ursulo Galvan,MX,20.6,-97.44,1552696800,16,16,4.1,90,100
umzimvubu,za,,,,,,,,
Codrington,AU,-28.95,153.24,1552700157,22.31,23,1.52,90,88
bergen,nl,,,,,,,,
Jamestown,AU,-33.21,138.6,1552699845,22.01,22.01,3.17,0,83
Yar-Sale,RU,66.83,70.83,1552700422,-12.2,-12.2,4.77,64,81
dzhusaly,kz,,,,,,,,
Port Alfred,ZA,-33.59,26.89,1552700405,22.23,22.78,3.82,92,91
Kavieng,PG,-2.57,150.8,1552700425,28.86,28.86,5.27,80,99
Caidian,CN,30.59,114.03,1552698000,14,14,3,76,62
Faya,SA,18.39,42.45,1552698000,14.51,15,4.6,0,87
Half Moon Bay,US,37.46,-122.43,1552700423,16.48,20,7.7,1,76
Iqaluit,CA,63.75,-68.52,1552699362,-15,-15,1.5,75,71
Rio Grande,BR,-32.03,-52.1,1552700217,22.16,22.16,5.27,0,93
Wanning,AT,48.64,13.53,1552700419,9.19,12,13.9,75,71
Nome,US,30.04,-94.42,1552700406,13.89,15,2.1,75,44
Vila,IT,45.18,8.4,1552700430,10.64,13.89,2.6,0,70
East London,ZA,-33.02,27.91,1552700436,24.46,24.46,4.97,80,99
Sitka,US,37.17,-99.65,1552699893,6.11,6.11,1.22,0,46
Narsaq,GL,60.91,-46.05,1552697400,-9,-9,1.5,20,56
Carutapera,BR,-1.2,-46.02,1552700440,26.26,26.26,2.82,80,91
Zyryanka,RU,65.73,150.89,1552700441,-20.9,-20.9,1.47,36,56
Qaanaaq,GL,77.48,-69.36,1552700442,-29,-29,3.97,24,100
moyo,ug,,,,,,,,
Ilulissat,GL,69.22,-51.1,1552697400,-16,-16,1.5,64,65
Las Choapas,MX,17.91,-94.09,1552696800,24,24,7.7,40,78
Lavrentiya,RU,65.58,-170.99,1552700447,-8.7,-8.7,8.07,64,100
Guerrero Negro,MX,27.97,-114.04,1552700448,16.76,16.76,5.52,20,52
Ratangarh,IN,28.07,74.62,1552700449,16.16,16.16,1.32,0,69
Griffith,AU,-34.29,146.06,1552700118,27.07,27.22,6.7,8,42
Ostrovnoy,RU,68.05,39.51,1552700451,-4.25,-4.25,6.72,76,87
Longyearbyen,NO,78.22,15.63,1552697400,-18,-18,7.2,20,70
Diego De Almagro,CL,-26.39,-70.05,1552700454,13.91,13.91,1.07,0,84
Arlit,NE,18.74,7.39,1552700455,17.36,17.36,3.77,0,57
Turukhansk,RU,65.8,87.96,1552700456,-20.3,-20.3,1.92,0,66
Grand Gaube,MU,-20.01,57.66,1552700343,23.4,25,2.1,20,94
Bambous Virieux,MU,-20.34,57.76,1552700343,23.67,25,2.1,20,94
galiwinku,au,,,,,,,,
Paamiut,GL,61.99,-49.67,1552700461,-5.65,-5.65,1.87,24,100
tuggurt,dz,,,,,,,,
Cabo San Lucas,MX,22.89,-109.91,1552700157,19.45,20.56,1,75,77
Roebourne,AU,-20.77,117.15,1552700465,40.66,40.66,6.12,8,20
Nuevitas,CU,21.55,-77.27,1552697400,23,23,3.1,0,83
Lasa,CY,34.92,32.53,1552698902,13.17,15,4.6,40,76
Padang,ID,-0.92,100.36,1552700468,28.16,28.16,2.12,0,100
Vanino,RU,53.93,40.55,1552700263,-2.78,-2.78,0.45,92,87
Cherskiy,RU,68.75,161.3,1552699680,-27.77,-27.77,1.46,36,52
Touros,BR,-5.2,-35.46,1552698000,25,25,1.5,75,94
Lagoa,PT,37.14,-8.45,1552700228,12.46,16.67,3.1,0,50
Bandeirantes,BR,-23.11,-50.37,1552700474,22.11,22.11,4.02,88,89
Kruisfontein,ZA,-34,24.73,1552700476,20.01,20.01,6.52,88,87
Pacific Grove,US,36.62,-121.92,1552700466,15.75,19,2.6,1,51
Provideniya,RU,64.42,-173.23,1552700478,-7.9,-7.9,8.07,8,100
Broken Hill,AU,-31.97,141.45,1552698000,26,26,5.7,0,24
Leningradskiy,RU,69.38,178.42,1552700481,-23,-23,8.07,80,100
Hermanus,ZA,-34.42,19.24,1552699898,21.31,22.22,4.02,0,90
Saint Anthony,US,43.97,-111.68,1552697760,-0.03,3,3.1,1,51
Sisophon,KH,13.59,102.97,1552700484,28.96,28.96,2.72,24,73
Belyy Yar,RU,53.6,91.39,1552698000,-5,-5,1,8,79
Sarkand,KZ,45.41,79.91,1552700487,3.96,3.96,4.12,36,79
Siguiri,GN,11.42,-9.17,1552700488,22.36,22.36,3.37,0,41
Ancud,CL,-41.87,-73.83,1552698000,12,12,2.1,0,81
Deputatskiy,RU,69.3,139.9,1552700490,-21.65,-21.65,1.32,0,70
Bull Savanna,JM,17.89,-77.59,1552700491,20.61,20.61,1.37,0,83
Nikolskoye,RU,59.7,30.79,1552700435,2.03,2.22,5,90,92
berbera,so,,,,,,,,
Geraldton,CA,49.72,-86.95,1552698000,-10,-10,2.6,90,78
Bochalema,CO,7.61,-72.65,1552698000,28,28,1.5,40,69
Beira,ES,43.2,-8.36,1552700495,3.53,6.67,1,20,100
Kodiak,US,39.95,-94.76,1552700350,3.42,4.44,3.1,1,34
Zhigansk,RU,66.77,123.37,1552700500,-17.5,-17.5,1.42,24,62
cam pha,vn,,,,,,,,
Kloulklubed,PW,7.04,134.26,1552697400,29,29,4.1,75,74
tsihombe,mg,,,,,,,,
Terra Nova,BR,-12.41,-38.62,1552698000,29,29,4.1,20,74
Alta Floresta,BR,-9.87,-56.08,1552699954,25.61,25.61,1.32,32,85
strai,no,,,,,,,,
Vila Velha,BR,-3.71,-38.6,1552700292,23.64,24,1.5,75,88
Imbituba,BR,-28.24,-48.67,1552698000,24,24,1.5,75,78
Saint-Francois,FR,46.42,3.91,1552699824,9.66,10,2.6,90,81
Souris,CA,46.36,-62.25,1552700461,4.92,5.56,7.2,90,100
Ossora,RU,59.24,163.07,1552700513,-12.9,-12.9,3.77,24,99
Esil,KZ,51.96,66.41,1552700514,-10.9,-10.9,3.92,0,77
Hofn,IS,64.25,-15.21,1552700515,3.01,3.01,9.02,92,100
Khor,RU,47.88,134.96,1552700516,2.46,2.46,3.02,0,64
Jiuquan,CN,39.73,98.49,1552700517,-0.3,-0.3,1.97,0,71
Esperance,TT,10.24,-61.45,1552700407,25.12,26,3.6,20,83
Santa Rosalia,IT,38.07,13.27,1552700489,10.08,16.11,3.6,0,81
Marienburg,DE,52.12,9.98,1552700508,6.78,7.78,6.2,75,70
Kununurra,AU,-15.77,128.74,1552698000,31,31,2.6,0,62
Mar Del Plata,AR,-46.43,-67.52,1552699957,13.11,13.11,3.02,0,97
Yenagoa,NG,4.92,6.26,1552700524,24.86,24.86,2.62,20,90
Aklavik,CA,68.22,-135.01,1552698000,-9,-9,1.5,20,52
Doctor Arroyo,MX,23.67,-100.18,1552700527,11.36,11.36,2.97,92,87
Greenwood,US,32.03,-101.9,1552699865,9.73,11,2.1,44,32
Patuli,IN,23.54,88.25,1552700530,23.26,23.26,2.77,0,96
Port Elizabeth,US,39.31,-74.98,1552700463,13.75,20.56,7.2,1,82
Savinka,RU,50.08,47.1,1552700532,-2.85,-2.85,5.47,80,85
Cabedelo,BR,-6.97,-34.84,1552698000,25,25,2.1,0,88
Ettaiyapuram,IN,9.15,78,1552698000,26,26,2.97,20,69
Lovozero,RU,68.01,35.02,1552700536,-3.2,-3.2,1.87,92,89
Princeton,US,41.37,-89.46,1552700222,1.99,3.33,4.1,40,69
Tura,IN,25.52,90.21,1552700538,21.76,21.76,1.72,20,80
Morant Bay,JM,17.88,-76.41,1552698000,27,27,2.6,20,61
Nichinan,JP,31.65,131.31,1552699989,10.61,12,7.7,20,34
Kichera,RU,55.93,110.1,1552700542,-5,-5,1.52,88,90
Cheney,US,47.49,-117.58,1552699840,4.92,8,2.1,75,60
Kozmodemyansk,RU,56.33,46.55,1552698000,-7,-7,3,0,67
Igbo Ora,NG,7.43,3.28,1552700545,26.11,26.11,2.87,0,91
Lalibela,ET,12.04,39.05,1552700546,9.16,9.16,0.97,48,94
Chulakivka,UA,46.36,32.36,1552700548,2.31,2.31,5.02,12,85
Christchurch,NZ,-43.53,172.64,1552700545,17.93,20,3.6,44,82
Andoain,ES,43.22,-2.02,1552700417,4.42,7.78,1,0,93
Berlevag,NO,70.86,29.09,1552700551,-2,-2,2.92,80,100
Guaranda,EC,-1.59,-79,1552700552,17.96,17.96,1.22,88,99
Port Hueneme,US,34.15,-119.2,1552700544,18.71,21.67,7.2,20,39
Saskylakh,RU,71.97,114.09,1552700555,-17.55,-17.55,3.22,88,83
Lompoc,US,34.64,-120.46,1552700196,16.07,19.44,5.7,1,48
ruatoria,nz,,,,,,,,
Araouane,ML,18.9,-3.53,1552700558,13.66,13.66,2.57,0,24
hunza,pk,,,,,,,,
San Policarpo,PH,12.18,125.51,1552700561,27.51,27.51,5.67,68,85
Acajutla,SV,13.59,-89.83,1552700404,24.11,24.11,1.02,24,88
Praia Da Vitoria,PT,38.73,-27.07,1552699858,15,15,8.17,20,87
Poum,MK,41.28,20.71,1552700564,-7.85,-7.85,0.82,0,76
Saldanha,PT,41.42,-6.55,1552700565,-0.85,-0.85,1.37,8,71
Kedrovyy,RU,56.17,91.82,1552698000,-4,-4,3,0,79
olafsvik,is,,,,,,,,
Champerico,MX,16.38,-93.6,1552696800,27,27,10.3,75,65
Hirson,FR,49.92,4.08,1552700355,9.28,10,8.2,75,100
Flinders,AU,-34.58,150.85,1552700531,23.28,24.44,6.2,40,57
Tahe,CN,52.34,124.71,1552700505,0.91,0.91,2.22,0,49
Varhaug,NO,58.61,5.65,1552700404,4.26,5.56,2.6,75,86
Manturovo,RU,58.33,44.76,1552700575,-6.35,-6.35,2.47,56,88
Luderitz,NA,-26.65,15.16,1552700576,15.41,15.41,3.47,64,96
Kathu,ZA,-27.7,23.05,1552699909,22.22,22.22,1.22,76,53
Yulara,AU,-25.24,130.99,1552698000,31,31,6.2,44,15
Hambantota,LK,6.12,81.12,1552698600,24,24,1.5,0,100
Port Macquarie,AU,-31.43,152.91,1552700045,21.37,22,3.6,75,78
Dingle,PH,11,122.67,1552700582,30.61,30.61,6.02,0,49
Ellisras,ZA,-23.67,27.74,1552700583,17.51,17.51,2.72,0,83
sentyabrskiy,ru,,,,,,,,
kamenskoye,ru,,,,,,,,
Baykit,RU,61.68,96.39,1552700586,-3.55,-3.55,3.02,8,81
Mabaruma,GY,8.2,-59.78,1552700588,25.16,25.16,3.17,100,93
Novoagansk,RU,61.94,76.66,1552700589,-2.75,-2.75,2.17,68,83
Ostrov,RU,57.34,28.36,1552698000,2,2,5,92,93
Souillac,FR,45.6,-0.6,1552700529,9.57,10.56,3.1,90,93
Markova,RU,52.21,104.21,1552700286,-0.96,0,1,0,84
Maraba,BR,-5.35,-49.1,1552698000,27,27,2.6,0,88
Vuktyl,RU,63.86,57.31,1552700595,-17.15,-17.15,1.67,8,60
Calabozo,VE,8.92,-67.43,1552700596,29.16,29.16,6.77,32,46
Hailar,CN,49.2,119.7,1552700597,1.61,1.61,4.12,0,42
Yasnyy,RU,64.04,44.09,1552700598,-1.35,-1.35,3.42,88,87
belushya guba,ru,,,,,,,,
Nanortalik,GL,60.14,-45.24,1552700601,-5.15,-5.15,7.47,36,99
Beringovskiy,RU,63.05,179.32,1552700602,-15.8,-15.8,8.07,76,89
Hay River,CA,60.82,-115.79,1552698000,1,1,2.6,75,69
Labuhan,ID,-2.54,115.51,1552700604,25.86,25.86,1.32,88,87
Elbistan,TR,38.2,37.19,1552700606,1.01,1.01,1.57,80,100
Lahaina,US,20.87,-156.68,1552700497,23.9,28,3.77,20,65
Airai,TL,-8.93,125.41,1552700608,27.51,27.51,0.52,80,53
Saint George,GR,39.45,22.34,1552700608,7.22,7.22,1.22,0,78
Avera,US,33.19,-82.53,1552700365,16.78,20,3.6,1,77
Rawson,AR,-43.3,-65.11,1552700612,16.51,16.51,2.77,92,97
Quepos,CR,9.43,-84.16,1552700506,20.59,23,6.2,20,69
Muros,ES,42.77,-9.06,1552700611,6.1,11.67,1,20,100
Hihya,EG,30.67,31.59,1552700568,15.77,16,4.1,40,48
Isangel,VU,-19.55,169.27,1552698000,31,31,3.1,75,74
Seoul,KR,37.57,126.98,1552698000,2.98,6,2.1,20,60
Samarai,PG,-10.62,150.67,1552700619,24.51,24.51,4.92,92,100
Chuy,UY,-33.69,-53.46,1552700620,20.46,20.46,5.22,8,92
Gavle,SE,60.67,17.14,1552700525,0,0,0.89,92,94
Saint-Philippe,CA,45.36,-73.48,1552700530,5,6.67,6.7,90,75
New Norfolk,AU,-42.78,147.06,1552700594,21.22,22.78,2.6,75,56
La Romana,DO,18.43,-68.97,1552698000,24.16,25,3.12,40,94
Taoudenni,ML,22.68,-3.98,1552700626,16.01,16.01,5.22,0,18
Honiara,SB,-9.43,159.96,1552700627,27.01,27.01,0.67,64,87
Muravlenko,RU,63.79,74.5,1552700629,-11.35,-11.35,9.32,88,87
karaul,ru,,,,,,,,
Almeirim,PT,39.21,-8.63,1552700590,8.9,15,1,0,87
Karratha,AU,-20.74,116.85,1552700609,40.66,40.66,6.12,8,20
westpunt,an,,,,,,,,
Ocos,GT,14.51,-92.19,1552696800,29,29,2.1,40,70
Umm Lajj,SA,25.02,37.27,1552700636,13.36,13.36,2.52,0,100
Barcelona,ES,41.38,2.18,1552700633,8.27,12.78,2.1,75,87
Kieta,PG,-6.22,155.63,1552700638,24.26,24.26,0.62,92,100
Launceston,AU,-41.43,147.14,1552700468,21.21,22.22,2.6,75,52
Aginskoye,RU,51.11,114.54,1552700622,-0.57,-0.57,3.58,0,68
Margate,AU,-43.03,147.26,1552700594,21.23,22.78,2.6,75,56
Victor Harbor,AU,-35.55,138.62,1552700555,26.16,30.56,4.1,0,60
burica,pa,,,,,,,,
Melbu,NO,68.5,14.83,1552699882,-3.35,-2.78,1.77,48,82
Talcahuano,CL,-36.72,-73.12,1552698000,16,16,2.6,0,77
Kisangani,CD,0.52,25.21,1552700647,20.71,20.71,1.77,48,100
Thompson,CA,55.74,-97.86,1552698000,-10,-10,1,20,51
Svetlogorsk,RU,53.14,59.15,1552698000,-12,-12,1,0,78
Bataipora,BR,-22.3,-53.27,1552700651,22.91,22.91,2.17,24,91
Presidencia Roque Saenz Pena,AR,-26.79,-60.44,1552700652,21.11,21.11,5.02,92,96
Roald,NO,62.58,6.12,1552700402,-2.64,2,7.7,56,59
Cachira,CO,7.74,-73.05,1552698000,24.93,28,1.5,40,69
Sechura,PE,-5.56,-80.82,1552700656,25.01,25.01,4.02,12,80
Coihaique,CL,-45.58,-72.07,1552698000,11,11,1.5,0,76
Tasiilaq,GL,65.61,-37.64,1552697400,-8,-8,1.5,0,78
Butembo,CD,0.12,29.29,1552700659,13.16,13.16,0.57,0,90
Vestmannaeyjar,IS,63.44,-20.27,1552700661,1.56,1.56,2.42,80,100
San Jeronimo,PE,-13.65,-73.37,1552700662,8.86,8.86,0.97,44,70
Shingu,JP,33.72,135.99,1552698000,8,8,6.7,75,70
Maumere,ID,-8.63,122.22,1552700664,27.51,27.51,1.87,76,100
Raver,IN,21.25,76.04,1552700665,21.16,21.16,1.97,0,34
Biltine,TD,14.53,20.93,1552700667,22.11,22.11,5.87,8,19
Mpanda,TZ,-6.34,31.07,1552700668,20.11,20.11,2.32,24,78
Harrismith,ZA,-28.27,29.13,1552700669,10.26,10.26,0.37,0,93
Potchefstroom,ZA,-26.71,27.1,1552700670,13.56,13.56,2.82,0,65
Port Hardy,CA,50.7,-127.42,1552698000,9,9,5.7,90,76
Onega,RU,63.91,38.09,1552700673,-0.15,-0.15,5.22,76,87
Ahipara,NZ,-35.17,173.16,1552700674,24.66,24.66,3.22,68,69
Kalianget,ID,-7.35,109.91,1552698000,27,27,1.07,40,74
Jiazi,CN,19.61,110.49,1552698000,22,22,5,75,88
Salalah,OM,17.01,54.1,1552697400,25,25,4.1,75,73
Naze,NG,5.43,7.07,1552700679,23.66,23.66,2.07,44,93
Manokwari,ID,-0.87,134.08,1552700427,27.71,27.71,6.12,24,97
catamarca,ar,,,,,,,,
Eresos,GR,39.17,25.93,1552700528,8.33,8.33,2.24,0,72
Bure,NG,10.52,10.33,1552700683,22.96,22.96,4.57,0,26
Acapulco,MX,16.86,-99.88,1552697040,27,27,2.6,5,83
Kjopsvik,NO,68.1,16.37,1552699882,-3.34,-2.78,0.92,64,82
Lorengau,PG,-2.02,147.27,1552700687,28.46,28.46,5.02,68,97
Krotovka,RU,53.29,51.17,1552700688,-9.55,-9.55,3.22,76,82
Srednekolymsk,RU,67.46,153.71,1552700689,-23.1,-23.1,1.62,64,51
Russell,AR,-33.01,-68.8,1552698000,19,19,0.52,0,68
Bilibino,RU,68.06,166.44,1552700692,-23.05,-23.05,1.42,32,64
paradwip,in,,,,,,,,
Miles City,US,46.41,-105.84,1552700594,1.15,2,6.2,1,69
Paita,PE,-5.09,-81.11,1552700695,24.71,24.71,2.32,32,76
Siyabuswa,ZA,-25.11,29.06,1552700696,13.36,13.36,1.02,0,82
Paracatu,BR,-17.22,-46.87,1552700422,22.91,22.91,1.72,32,84
San Sebastian,PH,11.71,125.02,1552700699,29.16,29.16,4.37,8,80
Datong,CN,40.09,113.3,1552700700,9.11,9.11,3.37,0,43
Coahuayana,MX,18.62,-100.35,1552700701,19.56,19.56,0.92,0,62
Wattegama,LK,7.35,80.68,1552700702,24.31,24.31,1.67,36,83
Lianran,CN,24.92,102.47,1552700690,17.82,19.44,5,32,71
karkaralinsk,kz,,,,,,,,
Kortkeros,RU,61.81,51.56,1552700601,-8.38,-7.78,2,0,85
artyk,ru,,,,,,,,
Vetlanda,SE,57.43,15.09,1552700462,1.79,2.22,3.1,88,100
Harper,US,30.3,-99.24,1552700704,8.96,10.56,3.12,1,39
Constitucion,MX,23.99,-104.67,1552700416,18.98,20,5.1,90,13
Vao,EE,59.1,26.19,1552700712,1.46,1.46,5.67,88,97
Sinnamary,GF,5.38,-52.96,1552700713,27.26,27.26,4.97,68,90
South Venice,US,27.05,-82.42,1552700713,23.35,24.44,2.1,90,88
Tahoua,NE,14.89,5.26,1552700715,23.31,23.31,6.92,0,23
usevya,tz,,,,,,,,
Kavaratti,IN,10.57,72.64,1552700718,28.11,28.11,2.07,0,100
Katobu,ID,-4.94,122.53,1552700719,25.96,25.96,2.57,76,100
Inirida,CO,3.87,-67.92,1552700720,24.46,24.46,1.32,24,91
Okhotsk,RU,59.36,143.24,1552700721,-7.4,-7.4,4.32,80,82
samusu,ws,,,,,,,,
Yanam,IN,16.73,82.22,1552698000,24,24,4.02,20,78
Hattiesburg,US,31.33,-89.29,1552700103,13.97,15,3.6,1,62
Aswan,EG,24.09,32.9,1552700726,9.66,9.66,1.27,0,71
Faanui,PF,-16.48,-151.75,1552700727,28.76,28.76,1.52,12,100
Tautira,PF,-17.73,-149.15,1552700583,28.94,29,3.6,75,74
Puerto Quijarro,BO,-19,-57.72,1552700729,24.81,24.81,1.62,8,92
Bonthe,SL,7.53,-12.5,1552700730,26.46,26.46,2.37,0,91
Komsomolskiy,RU,67.55,63.78,1552700732,-16.95,-16.95,4.32,32,69
Labelle,US,26.76,-81.44,1552700730,23.42,24.44,1.5,90,83
Arvika,SE,59.65,12.59,1552699962,-0.63,0,1,36,92
Alcaniz,ES,41.05,-0.13,1552700735,0.41,0.41,0.97,0,70
Khatanga,RU,71.98,102.47,1552700736,-21.65,-21.65,2.52,44,89
Murgab,TM,37.5,61.97,1552698000,15,15,5.1,40,58
San Luis,AR,-33.3,-66.34,1552700526,15.41,15.41,2.22,76,98
Zaranj,AF,30.95,61.86,1552700741,12.71,12.71,3.02,56,53
Shetpe,KZ,44.14,52.16,1552700742,4.96,4.96,4.92,68,35
Fernandez,PH,11.38,122.76,1552700743,29.71,29.71,5.27,0,62
Permet,AL,40.23,20.35,1552700745,-3.75,-3.75,0.52,0,91
Moncton,CA,46.1,-64.8,1552700404,6.56,7,5.1,90,100
Kahului,US,20.89,-156.47,1552700497,23.77,28,7.7,40,58
Pahrump,US,36.21,-115.98,1552700550,12.27,16.11,1.34,8,20
Tombouctou,ML,16.77,-3.01,1552700749,17.26,17.26,1.72,0,33
Port Lincoln,AU,-34.72,135.86,1552700750,23.16,23.16,5.22,0,73
Namie,JP,37.52,140.86,1552700443,9.1,15.56,4.1,75,89
Blythe,US,33.61,-114.59,1552700749,19.21,22,5.7,1,17
Fort Frances,CA,48.61,-93.4,1552700704,-4.11,-3.89,5.1,90,68
Jabbeke,BE,51.18,3.09,1552700747,9.76,10.56,8.2,75,93
Ginir,ET,7.14,40.71,1552700756,12.11,12.11,1.02,0,78
Zheleznodorozhnyy,RU,55.75,38,1552700427,-2.27,-1.67,5,90,92
Kotka,FI,60.47,26.95,1552700718,0.7,1,5.7,90,95
Kachiry,KZ,53.07,76.1,1552700760,-6.5,-6.5,5.12,8,86
Pantai Remis,MY,4.46,100.63,1552698000,26.58,27,1.5,75,88
Sulangan,PH,11.14,123.72,1552700762,26.61,26.61,5.52,0,100
Vostok,RU,46.45,135.83,1552700763,-0.7,-0.7,1.32,64,57
Tuatapere,NZ,-46.13,167.69,1552700405,16.11,16.11,5.81,0,73
Mantenopolis,BR,-18.86,-41.12,1552700766,23.26,23.26,1.12,48,89
Lisakovsk,KZ,52.55,62.49,1552700767,-11.8,-11.8,3.67,0,77
Izumo,JP,35.37,132.75,1552698000,6,6,2.6,75,87
Saint-Augustin,FR,44.83,-0.61,1552700737,10.4,11,2.32,90,87
Alcudia,ES,39.85,3.12,1552700716,10.9,13.89,1,0,100
Sakharovo,RU,56.9,36.05,1552700772,-2.05,-2.05,6.12,88,93
Santa Luzia,BR,-19.77,-43.85,1552698000,22,22,5.1,20,78
Todos Santos,MX,23.45,-110.23,1552700728,19.4,20.56,1,75,77
Conroe,US,30.31,-95.46,1552700589,14.16,15.56,4.1,90,35
Acoyapa,NI,11.97,-85.17,1552700777,25.31,25.31,5.32,12,71
miranorte,br,,,,,,,,
Poronaysk,RU,49.22,143.1,1552700779,-0.6,-0.6,1.42,64,85
Husavik,CA,50.56,-96.99,1552700745,-7.63,-6.11,2.92,0,70
Fukue,JP,35.03,136.69,1552700672,11.43,13.89,7.2,75,66
Gatesville,US,31.44,-97.74,1552700779,10.75,12,3.57,1,40
Cookeville,US,36.16,-85.5,1552700779,6.11,7.22,2.6,75,56
Mehamn,NO,71.03,27.85,1552700762,-1.9,-1.9,1.87,88,91
Manta,RO,45.1,24.1,1552700708,3.89,3.89,0.45,8,74
Mabay,CU,20.35,-76.78,1552697400,24,24,3.1,0,78
Alofi,NU,-19.06,-169.92,1552698000,26,26,2.6,75,88
Sorland,NO,67.67,12.69,1552700790,2.51,2.51,8.27,76,100
Beyneu,KZ,45.32,55.19,1552700781,3.56,3.56,8.32,80,51
Toamasina,MG,-18.17,49.38,1552698000,23,23,1.17,40,100
Behshahr,IR,36.69,53.54,1552700794,4.36,4.36,0.22,0,94
Sistranda,NO,63.73,8.83,1552700762,-0.63,1.67,1.5,0,86
Dondo,MZ,-19.62,34.74,1552700796,26.41,26.41,7.12,92,89
San Patricio,PY,-26.98,-56.83,1552700798,22.71,22.71,2.12,100,89
Sao Filipe,CV,14.9,-24.5,1552700734,21.66,21.66,5.37,0,96
Tandil,AR,-37.33,-59.14,1552700722,18.61,18.89,2.24,92,92
Lamlash,GB,55.53,-5.13,1552700722,4.7,6,5.1,40,81
Palana,RU,59.08,159.95,1552700802,-12.45,-12.45,1.52,0,60
Karatau,KZ,43.18,70.46,1552700548,8.89,8.89,0.89,48,100
Amga,RU,60.89,131.98,1552700805,-11.5,-11.5,1.67,20,55
Feuchtwangen,DE,49.17,10.33,1552700800,9.49,11.11,13.9,90,93
Broceni,LV,56.7,22.53,1552700807,1.91,1.91,2.42,92,96
Sinjai,ID,-5.12,120.25,1552700769,25.31,25.31,0.77,44,99
Sheridan,US,39.65,-105.03,1552700743,2.3,5,4.1,20,51
Iquitos,PE,-3.75,-73.25,1552698000,25,25,1.5,40,94
Makakilo City,US,21.35,-158.09,1552700766,25.97,27,5.1,1,57
Goba,ET,7.01,39.97,1552700813,6.76,6.76,1.07,0,80
mys shmidta,ru,,,,,,,,
Timmins,CA,48.48,-81.33,1552698000,-9,-9,4.6,90,92
Locri,IT,38.24,16.26,1552700711,12.58,13.33,1.07,0,82
Hamilton,CA,43.26,-79.87,1552700783,2.71,3.89,7.7,90,93
Puri,ID,-7.54,112.45,1552700819,28.66,28.66,2.52,20,81
Natal,BR,-5.81,-35.21,1552698000,25.49,26,2.6,40,88
Bilma,NE,18.69,12.92,1552700725,16.81,16.81,5.67,0,16
Mogadishu,SO,2.04,45.34,1552700823,27.66,27.66,7.47,0,98
Miri,NG,10.31,9.75,1552700824,18.66,18.66,2.67,8,37
Phan Thiet,VN,10.93,108.1,1552700825,29.61,29.61,5.12,0,76
Roma,IT,41.89,12.48,1552700223,10,13.89,3.1,75,87
Birin,SY,35.01,36.67,1552700828,7.26,7.26,1.52,76,93
Palmeiras De Goias,BR,-16.8,-49.93,1552700829,23.11,23.11,2.62,36,82
Jumla,NP,29.28,82.18,1552700830,-4.1,-4.1,0.97,0,74
Veere,NL,51.55,3.67,1552700826,9.01,10,7.2,92,87
Boyolangu,ID,-8.09,111.9,1552700832,28.66,28.66,2.52,20,81
tasbuget,kz,,,,,,,,
Azare,NG,11.67,10.19,1552700835,23.46,23.46,5.27,0,24
Tarko-Sale,RU,64.92,77.78,1552700615,-18.89,-18.89,1.79,68,84
Bow Island,CA,49.87,-111.38,1552700744,1.92,3.89,2.6,75,74
Vitim,RU,59.44,112.57,1552700838,-1.5,-1.5,3.32,80,81
Marquette,US,46.54,-87.4,1552700820,-4.2,-3,6.7,90,79
Kutum,SD,14.2,24.66,1552700841,15.96,15.96,4.47,44,22
Mangla,IN,32.54,76.11,1552700842,6.76,6.76,1.07,0,48
Rio Gallegos,AR,-51.62,-69.22,1552698000,13,13,2.6,75,87
straldza,bg,,,,,,,,
temaraia,ki,,,,,,,,
At-Bashi,KG,41.17,75.81,1552700847,-10.85,-10.85,1.22,0,68
Adoni,IN,15.63,77.27,1552700639,27.36,27.36,4.32,0,31
Ibimirim,BR,-8.54,-37.69,1552700849,22.56,22.56,2.77,8,84
Sungaipenuh,ID,-2.08,101.38,1552700705,24.01,24.01,0.97,12,74
Jinchang,CN,38.52,102.19,1552700851,0.86,0.86,2.27,0,89
Brae,GB,60.4,-1.35,1552697400,5.58,6,6.2,88,75
Caraguatatuba,BR,-23.62,-45.41,1552698000,22.5,23,2.6,40,94
Teguldet,RU,57.31,88.17,1552700855,1.66,1.66,3.12,68,85
Vanimo,PG,-2.67,141.3,1552700856,28.16,28.16,6.27,12,98
Ketchikan,US,55.34,-131.65,1552697760,7,7,8.2,90,70
Batagay-Alyta,RU,67.8,130.41,1552700858,-20.05,-20.05,1.82,0,71
Oistins,BB,13.07,-59.53,1552698000,26,26,6.2,20,78
Vysha,RU,53.85,42.38,1552700861,-3.1,-3.1,4.47,88,88
Jamtara,IN,23.95,86.82,1552700012,28.33,28.33,2.07,0,55
Majene,ID,-3.54,118.97,1552700849,28.51,28.51,10.32,32,93
Daru,SL,7.99,-10.85,1552700834,25.61,25.61,3.32,24,72
satitoa,ws,,,,,,,,
Caravelas,BR,-17.73,-39.27,1552700866,28.66,28.66,6.57,32,100
Mogadouro,PT,41.34,-6.71,1552700868,-0.85,-0.85,1.37,8,71
La Ronge,CA,55.1,-105.3,1552698000,1,1,2.6,75,55
wahran,dz,,,,,,,,
Parabel,RU,58.71,81.5,1552700871,-2.75,-2.75,3.52,20,83
Sibolga,ID,1.74,98.78,1552700872,25.66,25.66,1.07,8,86
Morro Bay,US,35.37,-120.85,1552700646,17.41,19,6.7,1,34
Bemidji,US,47.48,-94.89,1552700757,-6.57,-5,4.1,1,73
Saumur,FR,47.26,-0.08,1552700713,9.44,10,4.6,90,93
Tazovskiy,RU,67.47,78.7,1552700877,-14.8,-14.8,2.92,48,84
ayer itam,my,,,,,,,,
Bowen,AU,-20.01,148.25,1552700844,30.82,31.67,3.1,8,66
Nakhon Si Thammarat,TH,8.43,99.96,1552698000,26,26,1,20,88
a,no,,,,,,,,
Rocha,UY,-34.48,-54.34,1552700733,20.16,20.16,4.17,92,87
Prainha,BR,-1.8,-53.48,1552700884,25.51,25.51,1.27,48,91
Petropavlovka,RU,50.61,105.32,1552700885,8.01,8.01,1.77,0,38
Moerai,PF,-22.43,-151.33,1552700886,26.11,26.11,9.87,56,100
Belmonte,PT,40.36,-7.35,1552699873,1.67,1.67,0.97,8,87
Tilichiki,RU,60.47,166.1,1552700872,-15,-15,2.37,0,75
Ewa Beach,US,21.32,-158.01,1552700766,25.97,27,5.1,1,57
Makasar,ID,-6.28,106.88,1552700842,27.33,30,3.1,20,78
Gusau,NG,12.17,6.66,1552700892,22.76,22.76,5.12,8,26
Abha,SA,18.22,42.5,1552698000,14.52,15,4.6,0,87
palabuhanratu,id,,,,,,,,
Colac,AU,-38.34,143.59,1552700781,21.58,22.22,0.45,8,58
Fuerte Olimpo,BR,-21.04,-57.87,1552700897,24.46,24.46,2.72,8,91
Upata,VE,8.02,-62.41,1552700898,24.66,24.66,3.42,68,76
envira,br,,,,,,,,
Kasimov,RU,54.94,41.4,1552700901,-3.55,-3.55,6.57,92,91
Torata,PE,-17.08,-70.84,1552700902,4.31,4.31,0.62,0,84
Hasaki,JP,35.73,140.83,1552700075,10.43,11.11,4.6,75,71
louisbourg,ca,,,,,,,,
Oeiras Do Para,BR,-2,-49.85,1552700905,24.76,24.76,2.82,64,97
rungata,ki,,,,,,,,
Cabo Rojo,PR,18.09,-67.15,1552700854,22.24,24,3.6,90,78
Merauke,ID,-8.49,140.4,1552700909,28.36,28.36,6.17,68,97
marcona,pe,,,,,,,,
grand centre,ca,,,,,,,,
Banaue,PH,16.91,121.06,1552700912,19.61,19.61,1.12,92,98
Matamoros,US,25.87,-97.51,1552700820,15,16,3.1,90,58
Zhuhai,CN,40.71,112.04,1552698000,5,5,2,0,25
Zhezkazgan,KZ,47.8,67.71,1552698000,-12,-12,5,90,92
Culasi,PH,11.43,122.06,1552700917,27.46,27.46,5.02,0,85
Taltal,CL,-25.41,-70.49,1552700918,13.36,13.36,0.72,0,89
Sur,OM,22.57,59.53,1552700920,19.96,19.96,4.12,0,100
Vanderhoof,CA,54.02,-124.02,1552700921,-0.75,-0.75,1.22,12,71
Goroka,PG,-6.07,145.39,1552700922,17.86,17.86,1.07,88,86
Berwick,US,41.06,-76.25,1552700885,13.17,16,4.6,1,59
malwan,in,,,,,,,,
ngukurr,au,,,,,,,,
Arivonimamo,MG,-19.01,47.18,1552699800,18,18,2.6,75,93
Anadyr,RU,64.73,177.51,1552700587,-17.11,-17,1,75,77
Najran,SA,17.54,44.22,1552698000,22,22,2.12,5,37
Sabha,LY,27.03,14.43,1552700646,5.16,5.16,2.02,0,55
Ilovlya,RU,49.31,43.98,1552698000,0.7,1,6,0,69
Taybad,IR,34.74,60.78,1552700932,11.56,11.56,4.07,20,51
Anchorage,US,61.22,-149.89,1552700887,2.56,4,2.1,40,55
Evensk,RU,61.92,159.24,1552700935,-13.35,-13.35,1.42,44,100
Noumea,NC,-22.28,166.46,1552698000,30,30,4.6,40,66
Port Moresby,PG,-9.47,147.16,1552698000,28,28,9.8,75,78
Munteni,MD,46.71,28.77,1552700791,2.41,2.78,3.1,0,80
Likasi,CD,-10.99,26.74,1552700940,18.36,18.36,1.12,56,100
Camacha,PT,33.08,-16.33,1552698000,15,15,2.1,40,77
Umm Kaddadah,SD,13.6,26.69,1552700942,17.01,17.01,5.72,8,20
urumqi,cn,,,,,,,,
Tartagal,AR,-22.52,-63.8,1552700944,21.26,21.26,1.67,64,98
Riberalta,BO,-11,-66.08,1552700945,24.91,24.91,0.87,64,93
Mazagao,BR,-0.12,-51.29,1552698000,27,27,4.1,75,94
Shenzhen,CN,22.54,114.05,1552700692,21.41,23.89,2,75,72
Itoman,JP,26.12,127.67,1552700587,19.28,20,6.7,75,37
Viransehir,TR,37.24,39.76,1552700950,7.01,7.01,2.52,88,98
Fairbanks,US,64.84,-147.72,1552700707,5.11,6,2.6,75,28
Portland,US,45.52,-122.67,1552700695,14.18,17,2.6,75,31
George,NG,6.63,3.35,1552698000,28,28,1,20,94
San Quintin,PH,17.54,120.52,1552700955,29.81,29.81,1.62,0,55
Jizan,SA,16.89,42.56,1552698000,26,26,2.72,0,74
borama,so,,,,,,,,
Maniitsoq,GL,65.42,-52.9,1552700959,-17.1,-17.1,2.32,36,89
Mishelevka,RU,52.86,103.17,1552700960,5.51,5.51,1.57,0,79
maridi,sd,,,,,,,,
Geghamasar,AM,40.31,45.68,1552700962,-3.7,-3.7,1.62,48,84
Vardo,US,39.62,-77.74,1552699500,16.08,19,8.7,1,33
Astoria,US,46.19,-123.83,1552700815,11.29,14,3.6,1,58
warqla,dz,,,,,,,,
Bintulu,MY,3.17,113.03,1552698000,26,26,2.1,75,88
Maues,BR,-3.38,-57.72,1552700968,26.86,26.86,1.67,48,83
astipalaia,gr,,,,,,,,
Atar,MR,20.52,-13.05,1552700857,15.11,15.11,3.27,0,30
Mahendragarh,IN,28.27,76.15,1552700972,16.36,16.36,4.12,0,71
Motril,ES,36.75,-3.52,1552700714,10.32,14.44,2.22,0,99
Santa Rosa,AR,-36.62,-64.29,1552700763,16.26,16.26,3.87,92,96
Great Yarmouth,GB,52.61,1.73,1552700959,7.98,8.89,2.6,92,81
Miedzyrzec Podlaski,PL,51.99,22.78,1552700976,3.76,3.76,10.87,88,93
High Level,CA,58.52,-117.13,1552698000,6,6,3.1,20,33
vaitupu,wf,,,,,,,,
Bandarbeyla,SO,9.49,50.81,1552700833,25.06,25.06,2.12,92,100
Custoias,PT,41.11,-7.32,1552700981,-0.4,-0.4,1.52,12,70
Obihiro,JP,42.92,143.2,1552698000,-1,-1,3.6,75,92
Coari,BR,-4.09,-63.14,1552700692,26.01,26.01,0.57,8,91
Kerema,PG,-7.96,145.78,1552700984,24.31,24.31,1.97,88,94
Matara,PE,-13.74,-72.9,1552700801,8.86,8.86,0.97,44,70
Kuytun,RU,54.34,101.51,1552700987,3.01,3.01,1.42,0,76
sorvag,fo,,,,,,,,
Port Blair,IN,11.67,92.75,1552700855,28.46,28.46,2.42,0,97
Vacha,RU,55.8,42.77,1552700990,-4.7,-4.7,5.22,92,89
Branford,US,41.28,-72.82,1552700784,11.43,12.78,2.6,90,93
Aljezur,PT,37.31,-8.8,1552700827,12.61,17.22,0.89,0,79
Hualmay,PE,-11.1,-77.61,1552700993,20.16,20.16,2.07,12,91
Mazabuka,ZM,-15.86,27.75,1552700995,21.06,21.06,3.92,20,77
Itarema,BR,-2.92,-39.92,1552700996,23.91,23.91,1.22,68,95
Erzin,TR,36.95,36.2,1552700942,10.74,11.67,1.5,75,93
bolungarvik,is,,,,,,,,
Bahir Dar,ET,11.59,37.39,1552700999,12.76,12.76,1.12,0,70
galgani,sd,,,,,,,,
Kushima,JP,31.5,131.29,1552700585,10.63,12,7.7,20,34
Surgut,RU,61.25,73.4,1552698000,-4,-4,2,75,100
Mehriz,IR,31.58,54.44,1552698000,8,8,1.12,0,70
Lowicz,PL,52.11,19.95,1552700946,4.89,6.11,10.3,40,75
Eirunepe,BR,-6.66,-69.87,1552700873,24.36,24.36,0.32,48,95
Abay,KZ,49.63,72.87,1552698000,-7,-7,5,90,92
Kipini,KE,-2.53,40.53,1552701009,27.21,27.21,3.57,48,86
Sysert,RU,56.5,60.81,1552698000,-9,-9,6,0,66
Sobolevo,RU,54.43,31.9,1552701011,-0.3,-0.3,8.47,92,91
Kattivakkam,IN,13.22,80.32,1552700031,25.1,26.11,1.5,20,88
Sola,NO,58.89,5.65,1552701003,4.44,5.56,2.6,75,86
Mezen,RU,65.85,44.24,1552701015,-2.55,-2.55,3.12,88,88
Lazaro Cardenas,MX,28.39,-105.62,1552701008,15.17,16,6.2,5,31
Amazar,RU,53.86,120.88,1552701017,0.16,0.16,1.52,8,45
Dunedin,NZ,-45.87,170.5,1552700500,18.33,18.33,4.47,20,69
turtkul,uz,,,,,,,,
Aden,YE,12.79,45.03,1552701021,25.66,25.66,6.82,92,99
Utiel,ES,39.57,-1.21,1552701020,9.69,12.78,1.5,0,75
Saint-Andre-Avellin,CA,45.72,-75.07,1552701009,3.48,4,1.5,90,100
bairiki,ki,,,,,,,,
Laguna,MX,27.52,-110.01,1552696920,21,21,3.6,5,40
Ilinskiy,RU,55.62,38.12,1552700427,-2.26,-1.67,5,90,92
Viedma,AR,-40.81,-62.99,1552701028,17.41,17.41,5.87,92,95
Kizukuri,JP,40.81,140.39,1552701008,4.52,6.67,5.1,75,59
Vilyuysk,RU,63.75,121.63,1552701030,-12,-12,1.72,32,59
Mikhaylovka,RU,52.96,103.29,1552701032,5.51,5.51,1.57,0,79
Alice Springs,AU,-23.7,133.88,1552698000,32,32,4.6,12,21
Ahuimanu,US,21.44,-157.84,1552701025,25.97,27,3.1,20,69
Galveston,US,40.58,-86.19,1552701015,0.91,2,4.6,1,81
Solnechnyy,RU,50.72,136.64,1552701037,0.01,0.01,1.47,0,67
Cap Malheureux,MU,-19.98,57.61,1552700943,23.07,24.44,2.1,20,94
formoso do araguaia,br,,,,,,,,
Nishihara,JP,35.74,139.53,1552701003,11.41,15,4.6,75,93
